passcode,card_id,neuron_cid,english_names,decision
06798031,c025eab4-0cf8-4a32-bf0e-a7402499e6ea,20580,"[""Ryzeal Cross""]",pending_review
06798031,5a57cb93-c032-4b5a-8179-7e3636e02a64,20580,"[""Ryzeal Cross""]",pending_review
17749468,4659025d-0a47-46bc-ab3c-027a0b41dae4,21172,"[""Azamina"", ""Azamina (card)""]",pending_review
17749468,f1875505-14e6-4846-b305-5888f9c3f1fc,,"[""Azamina""]",pending_review
18795635,05350190-5bd9-4c6d-bdc2-714faf8070ac,22342,"[""GMX Applied Experiment #55""]",pending_review
18795635,a7848d5d-6046-4732-a60e-3181bda3ff59,22342,"[""GMX Applied Experiment #55""]",pending_review
20415050,f94da51d-20a1-42dc-a176-a703ab8dcde9,21938,"[""The Hidden Hecahands""]",pending_review
20415050,da1a11b1-e866-42c2-93ae-990b249b1592,,"[""Hecahands""]",pending_review
20726052,dbf7a067-733d-442b-afde-e39f6b94f7d4,20590,"[""Maliss <C> GWC-06""]",pending_review
20726052,8900bac3-3ccb-4f33-a31f-71c51ef13eb6,20590,"[""Maliss C GWC-06""]",pending_review
20938824,a425a140-2c9c-4fc0-9605-5fdb32e66ba8,21160,"[""Maliss <P> March Hare""]",pending_review
20938824,0e358b73-dff0-4181-8d24-d2261a04ed1e,21160,"[""Maliss P March Hare""]",pending_review
27420823,bacb727c-f82f-4c9e-8f33-6b283750c799,21380,"[""K9-17 \""Ripper\""""]",pending_review
27420823,8196cbfd-220e-4f6d-bb84-73cae2c07402,21380,"[""K9 - 17 \""Ripper\""""]",pending_review
31786838,6c25efd8-f56d-4238-8e0d-d53821a5c833,21196,"[""Regenesis (card)""]",pending_review
31786838,ca41aafd-684b-4479-981e-06132ae3e2f3,21196,"[""Regenesis""]",pending_review
50590801,1d7b7e44-e421-4f3c-bfb8-ed361f976d3c,22174,"[""Elfnotes: Aristeia of Trust""]",pending_review
50590801,02a38f7d-0c2c-417b-9935-6c179c19e49b,22174,"[""Elvennotes ~Oracle Aristeia~""]",pending_review
55154344,42bba501-8915-464b-8eaa-6effbb83170c,20600,"[""Ryu-Ge Realm - Wyrm Winds""]",pending_review
55154344,cc08efa1-bf81-4c5e-aadb-6143dedea851,20601,"[""Ryu-Ge Rivalry""]",pending_review
56651978,9d1aae32-70db-40a8-91ae-c663fdf9dbc1,22523,"[""Elfnote Regina""]",pending_review
56651978,737dfa1e-91d2-48b2-b523-99662809d4a1,22523,"[""Elfnote Regina""]",pending_review
83838727,1e306301-1c77-4fc3-8da6-9ee730718838,21620,"[""Sandwich Day""]",pending_review
83838727,64a980d5-6629-47ea-8d3b-12cee1c27fd0,21620,"[""Drawbread""]",pending_review
97227123,25bb386f-b9a1-4005-aaad-b9c0d1c6ab59,21482,"[""Return of the Duelist"", ""Return of the Duelist (card)""]",pending_review
97227123,b470149a-62a7-479a-adfa-d878aae54f52,,"[""Return of the Duelist""]",pending_review
