canonical_card_id,name_en,card_type,language,neuron_cids,printing_observations,reason
07e12b40-dd0a-404c-9f95-e12b5fc16428,Machine Angel Ascension,skill,pt,,1,Printing language declared but localized name absent; check source.
083c0536-a484-4488-8044-89895f12f597,Setting Sun,skill,es,,1,Printing language declared but localized name absent; check source.
083c0536-a484-4488-8044-89895f12f597,Setting Sun,skill,de,,1,Printing language declared but localized name absent; check source.
083c0536-a484-4488-8044-89895f12f597,Setting Sun,skill,pt,,1,Printing language declared but localized name absent; check source.
0adf085d-17c4-431b-a09e-e97f7748d885,Here Goes Something!,skill,pt,,1,Printing language declared but localized name absent; check source.
0c3dbe6c-04ec-4108-aa49-7911cd0fcbd0,Cloudy Skies of Grey,skill,es,,1,Printing language declared but localized name absent; check source.
0c3dbe6c-04ec-4108-aa49-7911cd0fcbd0,Cloudy Skies of Grey,skill,de,,1,Printing language declared but localized name absent; check source.
0c3dbe6c-04ec-4108-aa49-7911cd0fcbd0,Cloudy Skies of Grey,skill,pt,,1,Printing language declared but localized name absent; check source.
0ce16f34-8a66-45ce-aa80-4e9aba787b08,Under Pressure,skill,pt,,1,Printing language declared but localized name absent; check source.
0ef56959-7ae6-4654-ac14-5b6a9998ed04,Welcome to the Jungle,skill,es,,1,Printing language declared but localized name absent; check source.
0ef56959-7ae6-4654-ac14-5b6a9998ed04,Welcome to the Jungle,skill,de,,1,Printing language declared but localized name absent; check source.
0ef56959-7ae6-4654-ac14-5b6a9998ed04,Welcome to the Jungle,skill,pt,,1,Printing language declared but localized name absent; check source.
0efc1bbe-4eba-487e-b7d4-340e42152390,Chillin' Outback,skill,pt,,1,Printing language declared but localized name absent; check source.
10065ade-8424-4274-8de8-1238ac700b6c,Union Combination,skill,pt,-5,1,Printing language declared but localized name absent; check source.
131e19dc-22f8-46ee-ac36-eea945e89682,Dark Unity,skill,es,,1,Printing language declared but localized name absent; check source.
131e19dc-22f8-46ee-ac36-eea945e89682,Dark Unity,skill,de,,1,Printing language declared but localized name absent; check source.
131e19dc-22f8-46ee-ac36-eea945e89682,Dark Unity,skill,pt,,1,Printing language declared but localized name absent; check source.
224cfb2b-e584-4921-8bfa-7cbf75f998a4,Cold-Blooded Tactician,skill,es,,1,Printing language declared but localized name absent; check source.
224cfb2b-e584-4921-8bfa-7cbf75f998a4,Cold-Blooded Tactician,skill,de,,1,Printing language declared but localized name absent; check source.
224cfb2b-e584-4921-8bfa-7cbf75f998a4,Cold-Blooded Tactician,skill,pt,,1,Printing language declared but localized name absent; check source.
22eda8b2-71f6-45b9-adb2-cdfecc2b9d74,Energizing Elements,skill,pt,,1,Printing language declared but localized name absent; check source.
36389164-7f27-4c6d-b32e-d2ab25bf964b,Armed and Ready!,skill,pt,,1,Printing language declared but localized name absent; check source.
3bcfff66-6d44-4bff-b511-ec242d5721e5,Blaze Accelerator Deployment (Skill Card),skill,pt,,1,Printing language declared but localized name absent; check source.
43aae0c5-b4d7-41a2-b080-92b3237082e2,Ancient Ruler Rises,skill,de,,1,Printing language declared but localized name absent; check source.
43aae0c5-b4d7-41a2-b080-92b3237082e2,Ancient Ruler Rises,skill,pt,,1,Printing language declared but localized name absent; check source.
4fee3057-041b-43be-8d5d-216f3a1b3851,"Elements of Thunder, Water, and Wind",skill,pt,,1,Printing language declared but localized name absent; check source.
506f53bc-0496-4ed7-93b7-7f1bd1d18d9d,Crystal Transcendence,skill,pt,,1,Printing language declared but localized name absent; check source.
5192cebb-1d3f-4bf9-b2a3-ee0a9957884e,Double Evolution Pill,skill,pt,-27,1,Printing language declared but localized name absent; check source.
564a812d-21bb-454e-a30f-e048cdcb0052,No One Suspects the Dark Scorpion Gang!,skill,es,,1,Printing language declared but localized name absent; check source.
564a812d-21bb-454e-a30f-e048cdcb0052,No One Suspects the Dark Scorpion Gang!,skill,de,,1,Printing language declared but localized name absent; check source.
564a812d-21bb-454e-a30f-e048cdcb0052,No One Suspects the Dark Scorpion Gang!,skill,pt,,1,Printing language declared but localized name absent; check source.
5919ae0e-8261-45c8-9903-9d39729ec1d4,Middle Age Mechs (Skill Card),skill,pt,,1,Printing language declared but localized name absent; check source.
5af681fd-a45b-435f-9646-2e8f99beeab9,Victory of the Shadow Riders,skill,es,,1,Printing language declared but localized name absent; check source.
5af681fd-a45b-435f-9646-2e8f99beeab9,Victory of the Shadow Riders,skill,de,,1,Printing language declared but localized name absent; check source.
5af681fd-a45b-435f-9646-2e8f99beeab9,Victory of the Shadow Riders,skill,pt,,1,Printing language declared but localized name absent; check source.
5bf45415-6fc7-4a3e-88bd-e2e241b5cf25,Looking into the Future,skill,pt,,1,Printing language declared but localized name absent; check source.
5c8d2c7d-5b0f-4bce-95be-69a8802e7c7e,Restructer Revolution,spell,pt,4871,1,Printing language declared but localized name absent; check source.
60ac779e-72b0-49f0-8dba-faadc85d8bf9,Forbidden Cyber Style Technique,skill,pt,,1,Printing language declared but localized name absent; check source.
69b62d61-c981-4e7a-932c-d267f2e73443,Delicious Morsel!,skill,es,,1,Printing language declared but localized name absent; check source.
69b62d61-c981-4e7a-932c-d267f2e73443,Delicious Morsel!,skill,de,,1,Printing language declared but localized name absent; check source.
69b62d61-c981-4e7a-932c-d267f2e73443,Delicious Morsel!,skill,pt,,1,Printing language declared but localized name absent; check source.
6a172c8a-b63f-4f0a-94f4-7502b9d83cac,Nekogal #1,monster,pt,4258,1,Printing language declared but localized name absent; check source.
6a325223-c05d-4861-b2bf-e0cd22b918a4,Yamata Dragon,monster,pt,5377,1,Printing language declared but localized name absent; check source.
6c12c70d-e626-4df6-8c1d-f2094a8b7bad,"Behold, Gate Guardian!",skill,pt,,1,Printing language declared but localized name absent; check source.
77b28c24-9318-4d65-9355-d5a47410b554,Fog Warning,skill,es,,1,Printing language declared but localized name absent; check source.
77b28c24-9318-4d65-9355-d5a47410b554,Fog Warning,skill,de,,1,Printing language declared but localized name absent; check source.
77b28c24-9318-4d65-9355-d5a47410b554,Fog Warning,skill,pt,,1,Printing language declared but localized name absent; check source.
827ef2f8-dfe0-46e2-8daf-84cdbbc98e03,Watapon,monster,pt,6092,1,Printing language declared but localized name absent; check source.
923c0386-9ced-42db-875a-2995bb81c4e7,Cyber Blade Fusion,skill,pt,,1,Printing language declared but localized name absent; check source.
94b1745c-8fd8-49f8-8b24-897a589dbe1a,Believe in Your Bro,skill,pt,,1,Printing language declared but localized name absent; check source.
977ff417-08a8-4d2a-8e7b-b9fad228e07e,Ruthless Means,skill,es,,1,Printing language declared but localized name absent; check source.
977ff417-08a8-4d2a-8e7b-b9fad228e07e,Ruthless Means,skill,de,,1,Printing language declared but localized name absent; check source.
977ff417-08a8-4d2a-8e7b-b9fad228e07e,Ruthless Means,skill,pt,,1,Printing language declared but localized name absent; check source.
9e541d2a-0f24-46ab-a7c6-85e47dcda6d3,Land of the Ojamas (Skill Card),skill,pt,,1,Printing language declared but localized name absent; check source.
aab9937f-491d-40aa-8276-20c78b629dee,Ritual Ceremony,skill,pt,-36,2,Printing language declared but localized name absent; check source.
acf383b2-d11f-4347-90e0-1b66a1b50ac4,Archfiend Marmot of Nefariousness,monster,pt,4208,1,Printing language declared but localized name absent; check source.
af02c1a7-4af1-4b86-bd83-40dc30090a43,Powerful Group of Guys,skill,pt,,1,Printing language declared but localized name absent; check source.
af2f533c-5bac-41d1-bbd4-c1fad591c368,Rainbow Crystal Collection,skill,pt,,1,Printing language declared but localized name absent; check source.
b2be60fd-d220-46da-92ac-fa94e0d84abd,Unlocking the Power,skill,es,,1,Printing language declared but localized name absent; check source.
b2be60fd-d220-46da-92ac-fa94e0d84abd,Unlocking the Power,skill,de,,1,Printing language declared but localized name absent; check source.
b2be60fd-d220-46da-92ac-fa94e0d84abd,Unlocking the Power,skill,pt,,1,Printing language declared but localized name absent; check source.
b6057dad-319d-4df1-b875-fcbd5518f9ee,HEROES UNITE - FUSION!!,skill,pt,,1,Printing language declared but localized name absent; check source.
ba244774-9d66-443a-8a17-ca0c0210261f,Dragon Force,skill,es,,1,Printing language declared but localized name absent; check source.
ba244774-9d66-443a-8a17-ca0c0210261f,Dragon Force,skill,de,,1,Printing language declared but localized name absent; check source.
ba244774-9d66-443a-8a17-ca0c0210261f,Dragon Force,skill,pt,,1,Printing language declared but localized name absent; check source.
bf974fcf-a798-42bc-9aab-136fee93cf6a,Archfiend's Promotion,skill,de,,1,Printing language declared but localized name absent; check source.
bf974fcf-a798-42bc-9aab-136fee93cf6a,Archfiend's Promotion,skill,pt,,1,Printing language declared but localized name absent; check source.
c0a60a4a-4e69-4fec-91ce-5c23466c5e87,Professor of Alchemy,skill,es,,1,Printing language declared but localized name absent; check source.
c0a60a4a-4e69-4fec-91ce-5c23466c5e87,Professor of Alchemy,skill,de,,1,Printing language declared but localized name absent; check source.
c0a60a4a-4e69-4fec-91ce-5c23466c5e87,Professor of Alchemy,skill,pt,,1,Printing language declared but localized name absent; check source.
c3936ab0-5454-41b5-9ecb-5e4677b23ba4,Full Salvo,trap,pt,6622,1,Printing language declared but localized name absent; check source.
c469678a-1e6a-4bec-8d81-a4715ecb839b,Small Roid Big City,skill,pt,,1,Printing language declared but localized name absent; check source.
d03d4384-f54a-4f85-b553-79e3cc5277d1,Low Blow,skill,pt,-69,1,Printing language declared but localized name absent; check source.
d060d58a-19b6-488c-99d2-cc4210431248,Archfiend's Conscription,skill,de,,1,Printing language declared but localized name absent; check source.
d060d58a-19b6-488c-99d2-cc4210431248,Archfiend's Conscription,skill,pt,,1,Printing language declared but localized name absent; check source.
d37b2893-b6ac-4851-bb18-318a5bc8dcc7,Power Up!,skill,pt,-49,3,Printing language declared but localized name absent; check source.
d5596546-9e0d-4f1b-8f67-86cffc343864,Vampiric Aristocracy,skill,es,,1,Printing language declared but localized name absent; check source.
d5596546-9e0d-4f1b-8f67-86cffc343864,Vampiric Aristocracy,skill,de,,1,Printing language declared but localized name absent; check source.
d5596546-9e0d-4f1b-8f67-86cffc343864,Vampiric Aristocracy,skill,pt,,1,Printing language declared but localized name absent; check source.
d7da1142-453e-424b-b879-28f7c7844418,I'm Just Gonna Attack!,skill,pt,-53,1,Printing language declared but localized name absent; check source.
db7032ec-b203-402a-83ed-48b3d2b6db7d,Power Bond (Skill Card),skill,pt,,2,Printing language declared but localized name absent; check source.
dd6d5ba8-413c-4a53-8301-1d980aca5e30,Forged Steel,skill,es,,1,Printing language declared but localized name absent; check source.
dd6d5ba8-413c-4a53-8301-1d980aca5e30,Forged Steel,skill,de,,1,Printing language declared but localized name absent; check source.
dd6d5ba8-413c-4a53-8301-1d980aca5e30,Forged Steel,skill,pt,,1,Printing language declared but localized name absent; check source.
dee69f90-6d65-429b-a270-3d322689a831,The Roids are Alright,skill,pt,,1,Printing language declared but localized name absent; check source.
dfe600db-9d05-4f7b-8950-a69c1aa0f4af,Heavy Metal Raiders,skill,pt,-46,1,Printing language declared but localized name absent; check source.
e05e6193-1040-4d95-9a8b-91155dcdf072,I've Got Dino DNA!,skill,pt,,1,Printing language declared but localized name absent; check source.
e17c210f-76fe-4f50-8e4f-47e2239afe82,Consumed By Darkness,skill,pt,,1,Printing language declared but localized name absent; check source.
e99e9c44-abee-4930-b0fc-459ad1f64771,Order of the Queen,skill,es,,1,Printing language declared but localized name absent; check source.
e99e9c44-abee-4930-b0fc-459ad1f64771,Order of the Queen,skill,de,,1,Printing language declared but localized name absent; check source.
e99e9c44-abee-4930-b0fc-459ad1f64771,Order of the Queen,skill,pt,,1,Printing language declared but localized name absent; check source.
ea162f13-8164-40df-8367-014cafb7b540,Dark Creation,skill,es,,1,Printing language declared but localized name absent; check source.
ea162f13-8164-40df-8367-014cafb7b540,Dark Creation,skill,de,,1,Printing language declared but localized name absent; check source.
ea162f13-8164-40df-8367-014cafb7b540,Dark Creation,skill,pt,,1,Printing language declared but localized name absent; check source.
eb3b6bc2-ad59-4e02-9bb9-472077627a73,Volcanic Cannon,skill,pt,,1,Printing language declared but localized name absent; check source.
ebb30098-8ce5-4495-b561-f5f04aa15256,HERO World,skill,pt,,1,Printing language declared but localized name absent; check source.
eca0c255-e5a8-4363-b013-04357badcf79,Beware the Brothers Paradox!,skill,pt,,1,Printing language declared but localized name absent; check source.
ed98332a-eb40-421d-bee6-317b55d9f78e,Chemistry in Motion,skill,pt,,1,Printing language declared but localized name absent; check source.
ee700625-c80d-489f-a231-9297db0c7cfb,Room for Growth,skill,pt,,1,Printing language declared but localized name absent; check source.
f1a594d1-fc07-4e45-bd89-313f0ec07f66,The Right Hero for the Job,skill,pt,,1,Printing language declared but localized name absent; check source.
f22060b0-8375-46aa-9cf0-96db0b41acb0,Fusion Party!,skill,pt,-39,2,Printing language declared but localized name absent; check source.
f66a504b-23cf-4944-b1e7-224588e34585,Cyberdark Style (Skill Card),skill,pt,,1,Printing language declared but localized name absent; check source.
f85c6846-3263-4c2c-97ab-1ffaea7b88bf,Digging for Gold,skill,pt,-22,1,Printing language declared but localized name absent; check source.
fd25e763-ea19-4df4-9431-639043e7595a,No More Mrs. Nice Mai!,skill,pt,-57,1,Printing language declared but localized name absent; check source.
